{
  "Teacher": [
    {
      "name": "Shamal ",
      "photo": "https://www.optometrists.org/wp-content/uploads/2020/04/teacher-background-1024x682-1.jpg",
      "email": "shamal@gmail.com",
      "subject": "English",
      "class": "Class V",
      "id": 1
    },
    {
      "name": "Sonali",
      "photo": "https://www.nea.org/sites/default/files/legacy/2020/04/new_teacher.jpeg",
      "email": "sonali@gmail.com",
      "subject": "Marathi",
      "class": "Class III",
      "id": 2
    },
    {
      "name": "Pratik",
      "photo": "https://27mi124bz6zg1hqy6n192jkb-wpengine.netdna-ssl.com/wp-content/uploads/2020/05/Top-5-Teaching-Strategies-scaled.jpg",
      "email": "pratik@gmail.com",
      "subject": "Scienc",
      "class": "Class V",
      "id": 3
    },
    {
      "name": "Pravin",
      "photo": "https://myrepublica.nagariknetwork.com/uploads/media/ddddd_20201129155325.jpg",
      "email": "pravin@gmail.com",
      "subject": "Hindi",
      "class": "Class I",
      "id": 4
    },
    {
      "name": "Asmita  from Techrel",
      "photo": "https://us.123rf.com/450wm/serezniy/serezniy1809/serezniy180939232/110035288-beautiful-young-teacher-explaining-math-formulas-written-on-blackboard.jpg?ver=6",
      "email": "asmita@gmail.com",
      "subject": "English",
      "class": "Class IV",
      "id": 5
    },
    {
      "name": "Asmita  from Techrel",
      "photo": "https://us.123rf.com/450wm/serezniy/serezniy1809/serezniy180939232/110035288-beautiful-young-teacher-explaining-math-formulas-written-on-blackboard.jpg?ver=6",
      "email": "asmita@gmail.com",
      "subject": "English",
      "class": "Class IV",
      "id": 6
    },
    {
      "name": "senha  from Techrel",
      "photo": "https://c8.alamy.com/comp/ECX77G/1-indian-lady-college-student-teaching-ECX77G.jpg",
      "email": "senha@gmail.com",
      "subject": "Math",
      "class": "Class II",
      "id": 7
    },
    {
      "name": "ArjunDeep",
      "photo": "https://thumbs.dreamstime.com/z/young-male-teacher-book-standing-classroom-113764182.jpg",
      "email": "arjundeep@gmail.com",
      "subject": "Marathi",
      "class": "Class I",
      "id": 8
    },
    {
      "name": "Shalesh sir",
      "photo": "https://thumbs.dreamstime.com/z/male-teacher-writing-blackboard-classroom-male-teacher-writing-blackboard-119631565.jpg",
      "email": "shailesh@gmail.com",
      "subject": "Hindi",
      "class": "Class II",
      "id": 9
    },
    {
      "name": "Monika Ma'am",
      "photo": "https://img.freepik.com/free-photo/smiley-teacher-holding-bunch-books-apple-with-copy-space_23-2148668527.jpg?size=626&ext=jpg",
      "email": "minika@gmail.com",
      "subject": "Math",
      "class": "Class V",
      "id": 10
    }
  ]
}